id,user_id,first_name,last_name,email,phone,company,job_title,avatar_url,source,notes,last_contacted_at,enrichment_status,enriched_data,created_at,updated_at,company_name,profile_image_url
c8e59230-9c93-4dc2-9ad8-3cf3b4e9cea1,f3546ec3-a1e6-409a-af66-ffc30d0c1e63,Jeff,Lee,tricia61@stewart.com,7676474467,"Williams, King and Davis",Surgeon,https://randomuser.me/api/portraits/men/40.jpg,referral,Worry collection hot clear fish might.,2025-01-18T05:03:33,pending,,2025-05-12T14:28:56,2025-04-22T22:00:29,Foster-Young,https://randomuser.me/api/portraits/women/27.jpg
59241f4a-83da-46f2-968c-3602ebd5bb4f,a46cdd6a-8832-4b14-b500-24b79170eed9,Brittney,Simmons,jmiller@gmail.com,466-480-3135,"Cuevas, Castaneda and Frost",Pension scheme manager,https://randomuser.me/api/portraits/men/88.jpg,website,Force culture project item piece.,2025-05-22T09:10:38,pending,,2025-05-15T04:18:29,2025-03-28T21:33:22,"Morton, Phillips and Norris",https://randomuser.me/api/portraits/women/47.jpg
2691a6c9-d69c-4482-b095-7a379ca91b43,5617c3c9-9579-448b-a81b-24e3fc455e92,Michelle,Harris,esantiago@yahoo.com,(705)895-6343x4947,Porter-Thompson,Arboriculturist,https://randomuser.me/api/portraits/men/39.jpg,referral,Beat form full speech ever.,2025-03-16T07:56:54,pending,,2025-04-15T03:55:56,2025-04-21T22:24:00,"Watkins, Garcia and Fletcher",https://randomuser.me/api/portraits/women/99.jpg
6b2963c1-9cda-41ac-83d9-44352223f71e,7e328dab-a695-49b3-89a9-db4004317bfd,Kristie,Oliver,burtonchristopher@gmail.com,5941630167,Moore and Sons,Chiropractor,https://randomuser.me/api/portraits/men/85.jpg,website,Beat get theory.,2025-04-23T19:12:16,pending,,2025-02-10T04:10:27,2025-04-04T01:31:24,Owens Group,https://randomuser.me/api/portraits/women/72.jpg
74e32730-fd6f-4fe6-a1c3-46c0e2570cb8,a7c7268a-e893-428b-851d-a6659ecd7e79,Valerie,Roth,kathleen88@howell.com,001-690-919-2675,Mack Inc,Editorial assistant,https://randomuser.me/api/portraits/men/42.jpg,email campaign,We wife be happy traditional.,2025-02-17T18:07:36,pending,,2025-05-04T23:08:01,2025-04-03T19:21:42,"Miller, Pitts and Barron",https://randomuser.me/api/portraits/women/17.jpg
f918b4a5-c5d9-480d-a827-f446b1f375c4,200cd8a3-236c-48c4-a3de-e42886ab872c,Randy,Francis,coltoncontreras@gmail.com,821-057-7280,Gomez-Taylor,Community development worker,https://randomuser.me/api/portraits/men/42.jpg,referral,Final character husband course.,2025-03-01T07:13:02,pending,,2025-01-08T00:14:14,2025-01-23T03:10:30,"Brown, Potter and Smith",https://randomuser.me/api/portraits/women/29.jpg
2f9d833b-b273-42ef-a2ba-91f84a522814,714b1e7e-ce7b-4181-a964-720a059ba4eb,Michael,Friedman,tony56@hotmail.com,(278)380-9024x99530,"Martinez, Anderson and Gonzalez",Soil scientist,https://randomuser.me/api/portraits/men/51.jpg,referral,Indicate seek Democrat radio network.,2025-05-20T04:22:03,pending,,2025-04-20T03:16:37,2025-01-06T17:57:08,"Garcia, Kelley and Carter",https://randomuser.me/api/portraits/women/31.jpg
12fe16d7-dc8b-4b76-b4d8-c8b7e3a8838f,7832056f-6ad2-4ca4-bce2-b0cb3f9fc861,Robert,Banks,michele42@jenkins.com,141.413.0142,Trevino-Parker,Counselling psychologist,https://randomuser.me/api/portraits/men/55.jpg,website,Traditional eat this process say.,2025-04-14T15:18:11,pending,,2025-03-17T20:42:34,2025-04-17T14:34:32,"Thomas, Wilson and White",https://randomuser.me/api/portraits/women/16.jpg
0469b025-7a35-44de-a848-2125f8be8ad1,8c231af2-0cc8-41d7-810e-dc1074eee9a3,Matthew,Scott,pamphelps@scott.com,384-427-6834x77457,Vance-Berry,Community development worker,https://randomuser.me/api/portraits/men/50.jpg,website,Mention argue move church save.,2025-02-10T23:03:33,pending,,2025-05-13T11:53:15,2025-02-15T06:52:47,"Nelson, Buchanan and Martin",https://randomuser.me/api/portraits/women/1.jpg
781e1bb0-5328-4377-857b-ac795552488c,30682bbd-3c73-419a-8c2c-54cf06d27d12,Jonathan,Weeks,sarahfisher@harrington-harvey.com,001-510-156-2092x816,Munoz-Chapman,"Administrator, arts",https://randomuser.me/api/portraits/men/12.jpg,email campaign,Agent majority city space coach.,2025-04-29T21:42:55,pending,,2025-01-31T00:21:54,2025-05-15T11:36:16,"Townsend, Waller and Phelps",https://randomuser.me/api/portraits/women/88.jpg
f8eab8fe-eed4-430c-97ae-45142f8aef44,e48a550b-866a-4309-8b49-9765fa8b2a5b,Lisa,Davidson,qhooper@yahoo.com,001-932-346-4220x02028,"Nelson, Jackson and Clarke",Pharmacologist,https://randomuser.me/api/portraits/men/45.jpg,email campaign,Grow me start subject.,2025-02-01T20:37:56,pending,,2025-03-28T14:44:37,2025-04-13T16:08:13,Martinez-Mendez,https://randomuser.me/api/portraits/women/9.jpg
f18988db-b5fc-4ad1-9a43-7f4702f88fd0,c422192f-3333-41f4-8386-c2cc6ffefd26,Richard,Smith,xcalhoun@hotmail.com,6901545085,Richardson Ltd,"Engineer, communications",https://randomuser.me/api/portraits/men/73.jpg,website,Music pick opportunity meet shake build.,2025-03-29T17:47:58,pending,,2025-02-23T18:02:30,2025-01-06T16:53:58,Fernandez PLC,https://randomuser.me/api/portraits/women/63.jpg
ba4bbc51-30b1-4186-a012-d2ca343d91e7,28cc8461-5940-4c75-830d-87c312b3141b,Jessica,Shepherd,hcooper@hamilton.com,001-965-904-3632x79223,Allen and Sons,Nature conservation officer,https://randomuser.me/api/portraits/men/80.jpg,event,Reduce mind wish catch writer break.,2025-05-22T06:25:28,pending,,2025-04-27T07:58:44,2025-02-27T00:16:33,Smith PLC,https://randomuser.me/api/portraits/women/32.jpg
554b9cbd-45d1-491b-8fc6-1812b6993c44,640c9e48-80e6-4943-a814-36e159dcb488,Steven,Davis,bowenlance@hotmail.com,(923)445-1603,Key LLC,Hydrologist,https://randomuser.me/api/portraits/men/19.jpg,referral,Himself table young heavy I knowledge.,2025-03-20T18:25:15,pending,,2025-02-22T11:58:23,2025-04-24T17:04:09,Jones-Graves,https://randomuser.me/api/portraits/women/63.jpg
47488b75-eac0-4e18-b7c7-9431ad7c27aa,2c7ea226-e14b-4158-b2e6-d533d52a600b,Craig,Coleman,chad32@hotmail.com,604.611.7526,Ortega Ltd,Associate Professor,https://randomuser.me/api/portraits/men/4.jpg,referral,Include education analysis represent get different recognize.,2025-05-16T17:05:54,pending,,2025-04-06T20:41:18,2025-05-15T06:07:24,Dixon Group,https://randomuser.me/api/portraits/women/96.jpg
af2d59d2-9301-4347-a4ba-778629e3f51c,a858a09c-ec27-4b80-974a-55dbe1890534,Matthew,Sullivan,benjamin00@hotmail.com,(142)320-1288x8639,Rodriguez-Hart,Research scientist (medical),https://randomuser.me/api/portraits/men/21.jpg,event,Crime laugh machine specific.,2025-03-07T03:50:19,pending,,2025-05-04T22:41:12,2025-03-10T10:09:51,Morris PLC,https://randomuser.me/api/portraits/women/87.jpg
1c138445-2b80-417d-8386-7d347f0be37b,192e628f-c909-4478-8eca-befd84392ca4,Kathy,Hamilton,scottallen@sweeney.com,793.196.7899,"Douglas, Moran and Carroll",Set designer,https://randomuser.me/api/portraits/men/89.jpg,referral,Memory assume difficult plan budget.,2025-01-10T21:21:29,pending,,2025-04-04T06:09:15,2025-04-06T10:36:06,"Hernandez, Banks and Higgins",https://randomuser.me/api/portraits/women/59.jpg
cd6fc6a7-abed-4a00-a3d9-a860083aeb44,5fc6cf10-2232-4a3a-84ca-26e62aa5ca26,Rebecca,Bolton,audreystein@hotmail.com,610-172-9566x978,"Adams, Hunt and Jenkins",Chartered loss adjuster,https://randomuser.me/api/portraits/men/83.jpg,website,Ahead perhaps score type.,2025-01-06T19:45:02,pending,,2025-04-11T01:58:19,2025-02-26T18:32:59,Church-Collins,https://randomuser.me/api/portraits/women/78.jpg
dcbe36f7-0e39-4e3f-bc26-eed6fbb8c539,6bea9c14-c6ab-4a9b-bb91-ccc01767f210,Danielle,Scott,alicejenkins@gmail.com,450-458-0685x39672,Barton-Boyer,Occupational hygienist,https://randomuser.me/api/portraits/men/45.jpg,referral,Push peace surface.,2025-03-11T14:40:17,pending,,2025-04-14T00:11:16,2025-04-24T05:55:42,Weaver-Roth,https://randomuser.me/api/portraits/women/41.jpg
33c833e8-71a6-4e76-a327-16b4d50cf116,30c44c03-95a0-4fd0-ab1d-bd761652b2a6,Ian,Gibbs,ramirezdaniel@hartman-collins.com,654.644.9014x190,"Jones, Welch and Fletcher",Manufacturing systems engineer,https://randomuser.me/api/portraits/men/17.jpg,email campaign,Late kitchen we animal fish staff.,2025-04-15T14:58:27,pending,,2025-05-07T11:08:22,2025-03-30T16:59:38,Wilson Inc,https://randomuser.me/api/portraits/women/71.jpg
3539d77a-66f9-4fc6-adac-0ce00299848f,50239ecb-dfc9-4e9c-8287-c888252fb097,Patrick,Mills,sandytrevino@fox-blankenship.com,838-277-7236,Stone-Conway,Theatre director,https://randomuser.me/api/portraits/men/9.jpg,email campaign,Fund yet future weight.,2025-03-11T17:16:05,pending,,2025-04-02T11:13:09,2025-01-21T11:22:29,Garcia-Adams,https://randomuser.me/api/portraits/women/42.jpg
4e64ebdc-066b-4a72-af1e-5298a791d732,13654e7e-ef3c-4a59-a7b1-6bd654477dbd,Kristina,Mcdaniel,johnsonbrandy@gmail.com,(851)369-8130x68284,"Wilson, Mccoy and Dennis",Police officer,https://randomuser.me/api/portraits/men/90.jpg,website,Compare authority type discuss look someone meet.,2025-04-21T22:00:06,pending,,2025-03-16T06:44:54,2025-01-04T00:01:34,Marquez-Cantrell,https://randomuser.me/api/portraits/women/87.jpg
c0b0a7bf-5668-43d6-8ead-6ee004dc7f4a,697dcf43-23d0-4dda-befb-56f4e61eafad,Michelle,Jones,nsalazar@hurst.biz,001-554-857-7280x6529,"Walter, Mclaughlin and Foley",Lawyer,https://randomuser.me/api/portraits/men/28.jpg,event,Later war decade relationship concern.,2025-03-04T11:26:23,pending,,2025-04-02T22:14:06,2025-01-07T09:56:13,Zamora and Sons,https://randomuser.me/api/portraits/women/29.jpg
46d18700-307b-4e36-8e7b-ecb0ff40a4e0,ce53a65d-e7c1-42e4-82cf-91880e647561,Michael,Perez,cruzcrystal@gmail.com,+1-195-689-6688x2783,"Davis, Macdonald and Wilkinson",Neurosurgeon,https://randomuser.me/api/portraits/men/41.jpg,referral,Environmental somebody hope brother though.,2025-05-16T06:08:54,pending,,2025-03-14T20:19:43,2025-05-13T10:34:25,Martin-Pearson,https://randomuser.me/api/portraits/women/68.jpg
692aa318-5e70-469b-88d9-53312e057222,3e092466-a994-4c13-bc71-51989470c329,Jose,Neal,avilaluke@malone-dunn.net,001-286-751-0402,Price-Jackson,"Engineer, petroleum",https://randomuser.me/api/portraits/men/56.jpg,website,Ten market seven apply.,2025-02-10T09:24:48,pending,,2025-03-19T01:08:12,2025-03-11T06:39:37,Williams LLC,https://randomuser.me/api/portraits/women/76.jpg
cfcd1bae-62dc-4264-a996-722a86c5dbde,bafb4aa2-019e-4e4d-805e-dbd049d55fb5,Sarah,Olsen,cortezderek@bishop.biz,001-831-260-9650x20295,Colon-Peters,"Scientist, product/process development",https://randomuser.me/api/portraits/men/68.jpg,website,Figure eye way I home consider now.,2025-01-02T17:44:28,pending,,2025-01-14T20:23:35,2025-02-24T07:14:31,Smith-Garcia,https://randomuser.me/api/portraits/women/34.jpg
e0f1467d-f1fc-477c-8200-f032804208a3,0e827d5e-9dff-439a-b7ad-62e3ce79a7d2,Matthew,Martin,bwarren@yahoo.com,+1-577-677-7694,Smith Group,"Development worker, international aid",https://randomuser.me/api/portraits/men/93.jpg,referral,Cut factor film hard draw.,2025-03-06T10:28:55,pending,,2025-02-22T09:10:30,2025-03-13T14:09:29,Stone PLC,https://randomuser.me/api/portraits/women/59.jpg
4a36bb53-46ea-4763-8c6d-667b32c5f8ec,5143e511-5205-4f37-9091-ad6dd4c8cb99,Bryan,Gill,kristendavis@gmail.com,(750)869-5334x2378,Vargas Group,"Programmer, applications",https://randomuser.me/api/portraits/men/15.jpg,event,Tonight leave nearly inside.,2025-01-31T18:01:58,pending,,2025-01-06T10:28:17,2025-05-12T15:09:36,"Kent, Yu and Wong",https://randomuser.me/api/portraits/women/61.jpg
adf55b19-3bf4-4e61-ba0b-9dd7a87f9c6d,3700dc65-3cb5-443b-8eae-5744fd628de0,Jennifer,Leonard,rossjose@gmail.com,528-048-7743,Brown-Torres,"Secretary, company",https://randomuser.me/api/portraits/men/61.jpg,referral,If market to center seem.,2025-04-20T02:15:29,pending,,2025-03-03T13:29:45,2025-04-23T19:29:17,Robinson PLC,https://randomuser.me/api/portraits/women/72.jpg
539954b6-5c55-4457-bd95-cb18214105f6,8dba3dc8-e691-427e-b957-88753335e8cb,Donald,Gonzalez,linda95@atkins.biz,6209480993,Smith-Fields,"Psychologist, counselling",https://randomuser.me/api/portraits/men/53.jpg,referral,Doctor myself every cost.,2025-03-12T01:40:50,pending,,2025-03-11T20:51:40,2025-04-07T15:35:46,Taylor-Johnson,https://randomuser.me/api/portraits/women/39.jpg
dc9973b1-93b8-4181-a246-4e938d38b290,2a963837-0433-454c-98d8-cfa2c23c0e6b,Carrie,Bruce,brownpatricia@nelson.info,(537)097-8247x28758,"Williams, Martin and Robinson",Furniture designer,https://randomuser.me/api/portraits/men/86.jpg,event,Other know right treat month loss.,2025-03-05T07:09:04,pending,,2025-03-03T18:16:31,2025-02-20T17:04:18,Serrano and Sons,https://randomuser.me/api/portraits/women/45.jpg
b21e8f51-6615-458f-80b2-b3677cdd74c0,1dbe3e9c-1481-4772-9b84-0c2496f91d7a,Clayton,Waters,gonzalezrodney@yahoo.com,001-462-602-3352x3175,Thomas-Ball,Health physicist,https://randomuser.me/api/portraits/men/28.jpg,referral,Democratic sign thank despite star develop dark.,2025-05-06T17:34:25,pending,,2025-03-31T02:49:58,2025-01-17T00:47:37,"Wallace, Taylor and Smith",https://randomuser.me/api/portraits/women/95.jpg
69b0b832-222e-4651-a7e9-a9cd5da904c6,d1f73e28-2bf0-428e-bdf9-53afef7779bf,Sheila,Wilkinson,miguelruiz@gmail.com,(537)164-6190,"Brown, Johnson and Macias",Physiological scientist,https://randomuser.me/api/portraits/men/9.jpg,referral,Side sound should here most clear.,2025-03-02T15:43:49,pending,,2025-04-30T10:26:20,2025-05-10T18:28:18,Benson Group,https://randomuser.me/api/portraits/women/8.jpg
29c4e270-4562-42d9-b473-3406731fc920,3c97b010-1c11-446d-833f-52166d1d84d3,Todd,Hayden,clarkanna@hotmail.com,128.795.0762x741,Sanchez-Walters,Lexicographer,https://randomuser.me/api/portraits/men/52.jpg,email campaign,Language oil leave reason bed business.,2025-05-15T19:03:13,pending,,2025-02-13T05:36:59,2025-02-19T14:46:09,"Golden, Hendricks and Davis",https://randomuser.me/api/portraits/women/23.jpg
b887363a-ff4d-4c5f-8b7f-334e96717fb0,5aa9a07a-2c2b-4f78-a694-7471017887ee,Carolyn,Carter,kristin07@gmail.com,001-112-418-1607,Burgess Group,"Engineer, electronics",https://randomuser.me/api/portraits/men/27.jpg,event,Series own possible once mean commercial mind almost.,2025-03-13T11:18:18,pending,,2025-02-25T16:23:20,2025-03-28T09:50:40,Chan-Wheeler,https://randomuser.me/api/portraits/women/1.jpg
e2ac61a1-a664-4049-830e-0c871d8c3401,80170bea-6822-4ac8-90a7-adc060987c03,Michael,Watson,steveflores@scott-lynch.com,400-496-9747x19598,"Howell, Sutton and Douglas",Armed forces technical officer,https://randomuser.me/api/portraits/men/6.jpg,email campaign,Describe democratic certainly seat how personal win.,2025-03-27T22:53:15,pending,,2025-05-06T10:22:19,2025-01-09T03:21:51,"Nelson, Mcgee and Flores",https://randomuser.me/api/portraits/women/96.jpg
fe9018d8-a674-408e-8e22-ebc96dcac22e,9baf8cb8-c1a2-4990-83ac-fe99953fb987,Jeffrey,Webb,hernandezmelissa@hotmail.com,481-843-4931x1206,Barnes-Thompson,Pathologist,https://randomuser.me/api/portraits/men/8.jpg,referral,Your key soldier should operation chance.,2025-05-06T19:44:39,pending,,2025-04-26T03:06:52,2025-03-17T18:31:15,Oconnor Ltd,https://randomuser.me/api/portraits/women/92.jpg
a2343d2b-7385-4c3d-be06-6217836c1ff2,f1ffca1b-9ddf-42bc-a63d-15367b210980,Ashley,Sims,xpayne@hotmail.com,+1-015-415-9611x6991,Hughes and Sons,"Buyer, industrial",https://randomuser.me/api/portraits/men/83.jpg,email campaign,Look cup guess explain believe.,2025-03-31T04:51:04,pending,,2025-01-18T02:58:32,2025-02-03T00:55:57,"Johnston, Bryant and Kerr",https://randomuser.me/api/portraits/women/58.jpg
cac86bc7-b3ee-4c8c-906d-f2dae550d417,bfce6b89-9f1d-4340-b1dd-ca12c71d84db,Nicole,Mann,cody99@rodgers-santos.info,654-990-4406x07570,Robinson-Marshall,Health physicist,https://randomuser.me/api/portraits/men/75.jpg,email campaign,Claim upon people career learn.,2025-05-01T10:45:26,pending,,2025-05-13T16:42:57,2025-04-06T14:15:20,Chavez-Lee,https://randomuser.me/api/portraits/women/51.jpg
bc83f7ef-9550-414a-a375-2e86cbd61974,4b7e775c-80b0-4455-bec8-2e75e7975b56,Cameron,Clarke,dennisjames@baker.com,(474)094-9496,Fox and Sons,Financial trader,https://randomuser.me/api/portraits/men/80.jpg,email campaign,Four art often fast end put.,2025-05-23T12:35:38,pending,,2025-03-12T21:09:43,2025-05-23T22:03:31,Castillo and Sons,https://randomuser.me/api/portraits/women/35.jpg
67a14637-cf7a-45ba-a43e-5614e8c18911,46195564-9736-487a-80d7-19de4a6795dc,Valerie,Hill,andrew80@yahoo.com,001-126-372-6663,"Padilla, Elliott and Boyd",Community education officer,https://randomuser.me/api/portraits/men/58.jpg,website,Front food never because arm save project.,2025-04-29T09:21:51,pending,,2025-02-12T10:20:01,2025-05-11T13:49:23,Singh-Moore,https://randomuser.me/api/portraits/women/94.jpg
448af315-45b3-4404-883a-381e6e283bab,4555aea1-a7fb-4d24-bd1d-29d68a80c68b,Alejandro,Hernandez,fjohnson@yahoo.com,001-725-542-4770x1822,Blankenship-Rivera,"Scientist, marine",https://randomuser.me/api/portraits/men/7.jpg,website,Take they popular stop possible goal.,2025-03-10T13:40:38,pending,,2025-04-20T15:14:54,2025-05-04T23:01:47,Smith PLC,https://randomuser.me/api/portraits/women/73.jpg
881f2cce-6e56-4c2c-a01f-e71ca9b91e23,1f76f17a-01d2-47e0-a668-4e22fb2ae0d2,Erica,Anthony,adamsheather@gmail.com,001-798-498-9577x873,"Curtis, Kline and Johnson",Publishing copy,https://randomuser.me/api/portraits/men/14.jpg,website,List amount create job training nice yet treat.,2025-04-14T22:28:38,pending,,2025-05-20T00:51:10,2025-02-13T16:48:16,Pierce Ltd,https://randomuser.me/api/portraits/women/47.jpg
76d25311-0370-42a7-89f5-95fc76bfb341,0cdf3ca4-06d6-42b2-b360-aca3298fa06a,Todd,Dillon,jennifer83@gmail.com,656-050-6559x3729,Mack and Sons,"Designer, television/film set",https://randomuser.me/api/portraits/men/52.jpg,event,Green prove partner risk college sign.,2025-05-17T19:22:58,pending,,2025-02-14T19:48:19,2025-03-16T00:05:06,Whitehead Ltd,https://randomuser.me/api/portraits/women/26.jpg
877e3d6b-f755-43d2-a15f-979278b48c69,b129ac43-a6a8-40b0-a17e-ce0acf90ab82,Jennifer,Leonard,howardcharles@flores-meyer.info,+1-960-110-7877x18441,"Campbell, Harris and Vargas",Geographical information systems officer,https://randomuser.me/api/portraits/men/66.jpg,referral,Wear far describe policy.,2025-02-17T08:07:24,pending,,2025-04-22T02:55:01,2025-01-29T06:35:06,Butler Ltd,https://randomuser.me/api/portraits/women/98.jpg
2a66c95c-05a7-4110-a82b-3260e7e6db6b,749eb721-b692-4a06-8bb4-55beb04abb09,Molly,Gregory,josephgray@taylor.net,+1-156-710-3749x7575,"Adams, Gonzalez and English",Immunologist,https://randomuser.me/api/portraits/men/59.jpg,referral,Parent argue wait again treatment floor only although.,2025-03-06T08:53:03,pending,,2025-03-03T07:49:47,2025-03-17T16:10:42,Simpson Inc,https://randomuser.me/api/portraits/women/74.jpg
3e3c1dcb-c020-46c6-a3ef-9e682a91caa5,f94930ff-3f20-46c3-a84c-6666526433cb,Melissa,Mccarthy,kara79@ortega-carr.biz,142-167-7011x160,Johnson PLC,Recruitment consultant,https://randomuser.me/api/portraits/men/11.jpg,event,Product bed stuff way note open manager.,2025-05-24T19:53:13,pending,,2025-03-17T11:38:28,2025-02-20T04:13:49,Booker-Shaw,https://randomuser.me/api/portraits/women/23.jpg
73d85664-42b3-4df9-9b83-38411d3c0c04,43ba3f92-cc5e-47fb-b5ec-2984ba5f0668,Nicole,Torres,jameslong@yahoo.com,957.665.5856,"Anthony, Gonzalez and Guzman",Restaurant manager,https://randomuser.me/api/portraits/men/69.jpg,event,Red suggest assume young.,2025-01-04T14:22:33,pending,,2025-04-06T16:49:52,2025-04-25T04:42:09,Walsh PLC,https://randomuser.me/api/portraits/women/69.jpg
82e631b4-f2a5-4ca5-8030-eb0c980e1293,80298c9d-c5bc-4909-b4c7-1893bd4b44db,Stanley,Johnson,carlsontammy@johnson.org,073-582-4467x6642,Lloyd-Evans,Banker,https://randomuser.me/api/portraits/men/14.jpg,event,Fish billion receive growth the media interview simple.,2025-04-27T20:11:06,pending,,2025-01-05T11:33:04,2025-04-03T15:26:24,Ramirez-Hubbard,https://randomuser.me/api/portraits/women/86.jpg
925ca787-07e8-47ea-8515-480456bc9879,0084b354-5c57-4602-85a7-0e753a4820d8,Cynthia,Solomon,bruce81@yahoo.com,055.467.2209x30830,Vasquez Inc,Dancer,https://randomuser.me/api/portraits/men/46.jpg,website,All decide morning cell create business.,2025-03-12T19:07:16,pending,,2025-04-24T07:50:27,2025-03-25T21:14:14,Salas-Taylor,https://randomuser.me/api/portraits/women/55.jpg
09ee1a2f-1ca5-4c60-8df5-d160aebe7553,9ac2927e-d82f-4feb-a3e0-accede70a638,Edward,Clark,payneelizabeth@hotmail.com,9164426134,Russell Ltd,Jewellery designer,https://randomuser.me/api/portraits/men/8.jpg,website,Car within stage major.,2025-04-29T19:47:46,pending,,2025-04-20T16:06:51,2025-05-21T11:05:51,Yates-Howard,https://randomuser.me/api/portraits/women/72.jpg
795c3e82-1e4a-4b4c-9448-17a942473921,ea64e961-39b8-4f96-b6b2-d10721f6f5f1,Amanda,Figueroa,zevans@bowman.net,236.309.0754x98053,Parker-Stephens,"Designer, industrial/product",https://randomuser.me/api/portraits/men/99.jpg,event,Statement behavior behind office above open board.,2025-02-19T22:53:27,pending,,2025-02-01T21:30:51,2025-05-11T18:03:05,Randolph PLC,https://randomuser.me/api/portraits/women/44.jpg
d27d66f3-9249-4798-b664-9d56466cee42,b9a65d19-db4c-467f-9a8e-0dc8a742d943,Lisa,Lewis,johnsonapril@hotmail.com,383-460-5974x39030,Moran Inc,"Research officer, government",https://randomuser.me/api/portraits/men/72.jpg,referral,Member deep off next.,2025-02-02T05:27:55,pending,,2025-02-04T20:57:42,2025-05-17T11:14:48,"Patrick, Miller and Brooks",https://randomuser.me/api/portraits/women/12.jpg
ed285129-e81c-4cff-bb96-8ad9dfb03d09,209e5685-df07-4d56-888a-b23c430e0815,Jennifer,Watts,clarkrebecca@yahoo.com,(150)140-7423x5512,White-Preston,Air traffic controller,https://randomuser.me/api/portraits/men/17.jpg,referral,Laugh light we.,2025-04-25T18:21:52,pending,,2025-02-25T14:02:19,2025-05-22T10:29:33,Weaver LLC,https://randomuser.me/api/portraits/women/39.jpg
e8aab893-22fe-4739-afbe-651b6dd3138c,86050389-ac61-48c7-9b94-77f5ed13bff6,Madison,Baker,jacobsjohn@novak.com,+1-299-086-9791x95523,Sharp and Sons,"Surveyor, insurance",https://randomuser.me/api/portraits/men/75.jpg,email campaign,Risk you successful cup source hair.,2025-03-12T00:08:18,pending,,2025-04-18T08:53:03,2025-02-17T00:23:36,Perez LLC,https://randomuser.me/api/portraits/women/87.jpg
0adf3583-69fb-4fef-836b-19137cbff2a1,43cfc69a-ef1e-4780-9d86-f9edda1aa73f,David,Brewer,kendra62@gmail.com,(555)934-9786x1730,Alvarez-Parrish,Haematologist,https://randomuser.me/api/portraits/men/60.jpg,email campaign,Last read avoid religious Mr.,2025-01-26T02:52:17,pending,,2025-02-13T16:59:35,2025-03-25T15:36:27,"Griffith, Boone and Mccann",https://randomuser.me/api/portraits/women/27.jpg
281585b6-0fc1-4b97-ac46-b33d9fea168a,a3e693f2-5007-4571-a579-84c836648268,Michelle,Curtis,perrybobby@yahoo.com,614-520-8208,Alvarez-Turner,Chiropodist,https://randomuser.me/api/portraits/men/6.jpg,email campaign,Law field happy young another kitchen.,2025-01-27T12:17:30,pending,,2025-05-23T02:44:41,2025-02-09T07:48:59,"Watson, Matthews and Ramirez",https://randomuser.me/api/portraits/women/38.jpg
e36a407a-0cdd-4859-abf0-9800523ed731,ae7bce79-6af0-4a42-a90c-746e62326901,Jeremy,Lamb,laurieoconnor@gmail.com,616.731.8378,"Lambert, Singh and Golden","Engineer, production",https://randomuser.me/api/portraits/men/21.jpg,email campaign,Kitchen leave social much leader water seat.,2025-03-13T16:58:04,pending,,2025-01-15T20:29:54,2025-05-19T21:36:52,Cameron LLC,https://randomuser.me/api/portraits/women/24.jpg
2e6f22ba-51de-42d0-b994-0b6ca38ac2f0,7fcf4174-b347-4d8d-8c3b-ceb926bd842b,Kelly,Stewart,matthew63@kim.com,001-728-126-1606x696,"Walker, Trevino and Bradford",Clinical biochemist,https://randomuser.me/api/portraits/men/57.jpg,referral,How travel worker lot.,2025-03-25T00:28:06,pending,,2025-04-06T05:30:52,2025-01-22T10:30:57,Paul-Newton,https://randomuser.me/api/portraits/women/14.jpg
f613dbae-e7a2-4a79-8117-e10cfa5216bf,a857854b-91f1-4b74-ad7e-47412c78ec98,Joshua,Odom,padillaarthur@anderson.com,4603606660,Anderson-Johnson,Office manager,https://randomuser.me/api/portraits/men/17.jpg,email campaign,Radio often former stage year.,2025-05-01T05:57:01,pending,,2025-02-23T10:25:20,2025-01-19T12:24:41,"Brown, Proctor and Contreras",https://randomuser.me/api/portraits/women/95.jpg
54e6febd-f895-41ac-affc-8b1099a5f032,c378609c-2ded-4c36-b242-9bf834bdb0b1,Emma,Wallace,william89@gmail.com,(791)378-4526x7682,"Freeman, Simmons and Thornton",Pathologist,https://randomuser.me/api/portraits/men/54.jpg,email campaign,Word full make.,2025-01-27T05:52:06,pending,,2025-01-11T14:56:47,2025-04-25T05:54:44,Arnold-Harris,https://randomuser.me/api/portraits/women/81.jpg
2989d19f-4895-43c6-8364-534d1bff01b4,f4124aea-7948-46ba-9b45-fe9473e35344,Gerald,Bernard,harrisonjustin@ramirez.net,849-714-1277x34054,Moore LLC,"Engineer, building services",https://randomuser.me/api/portraits/men/37.jpg,event,Off in per whether.,2025-04-09T06:07:00,pending,,2025-03-24T11:23:10,2025-01-11T11:29:40,Hamilton-Brown,https://randomuser.me/api/portraits/women/96.jpg
294e8e91-6d55-4732-97c0-c616749a7a33,23abe04c-3ea9-4052-ba9b-b4227cf8f3b9,Nicolas,Peterson,tbender@ball.com,(463)588-0796x3830,Ewing and Sons,Clinical embryologist,https://randomuser.me/api/portraits/men/10.jpg,event,Look travel again.,2025-01-18T11:18:27,pending,,2025-05-19T01:24:38,2025-02-13T09:28:48,"Lawrence, Jones and Riley",https://randomuser.me/api/portraits/women/48.jpg
335402e2-5c62-4e83-af24-aecc114f9f1f,00b0e744-9f49-4998-9089-ff011b5975aa,Laura,Beltran,fadams@yahoo.com,(731)444-7499x01371,"Sexton, Campbell and Patel",Oceanographer,https://randomuser.me/api/portraits/men/42.jpg,email campaign,Happen approach couple watch determine account political.,2025-03-15T21:45:31,pending,,2025-03-11T01:08:07,2025-03-12T21:38:15,Buchanan-Reyes,https://randomuser.me/api/portraits/women/55.jpg
a2835c1b-7aa4-4b7e-9b93-c49b7812bffa,e5b6296b-c4de-49a8-ae84-8cca924bb6a7,Jacob,Carney,cynthiabush@hotmail.com,(163)676-6426x754,"Stephens, Burke and Mckinney","Doctor, general practice",https://randomuser.me/api/portraits/men/80.jpg,referral,Environment material either central size wrong.,2025-04-18T21:50:40,pending,,2025-04-24T21:21:51,2025-01-13T12:11:54,Haas-Flores,https://randomuser.me/api/portraits/women/27.jpg
056fdabd-f7c2-4427-9c82-8f490ef905b0,ede3f4d8-42c8-408b-82ba-fff43491ccbe,John,Garrison,walkermelinda@yahoo.com,207.706.4353,"Shaw, Roberson and Stevens",Telecommunications researcher,https://randomuser.me/api/portraits/men/38.jpg,website,Myself tell staff pass lose.,2025-03-27T19:45:24,pending,,2025-03-29T16:44:47,2025-02-22T23:50:08,Stewart-Walsh,https://randomuser.me/api/portraits/women/83.jpg
4289d69c-8f91-40c5-85db-cd6a73d848c2,d7665af0-69e1-47f6-a5a2-e633d458f67e,Willie,Cherry,janepadilla@hotmail.com,+1-278-018-6216,Johnson PLC,Horticultural therapist,https://randomuser.me/api/portraits/men/78.jpg,referral,Thank rise when word interesting after.,2025-05-14T17:41:51,pending,,2025-03-19T00:43:27,2025-05-22T10:36:11,Stewart-Ross,https://randomuser.me/api/portraits/women/37.jpg
5f9f3158-14d0-4dfe-9b0a-344cc054ca00,572f8d7f-43fe-4c7a-9196-a90dcbaa84e7,Ronald,Johnson,csantos@clark.com,562.182.9338x29396,Mcdonald-Rivera,Computer games developer,https://randomuser.me/api/portraits/men/93.jpg,referral,Hear case call price anyone hand.,2025-02-11T21:58:36,pending,,2025-01-15T21:05:49,2025-02-23T00:30:11,"Griffin, Smith and Johnson",https://randomuser.me/api/portraits/women/74.jpg
bda17bc8-05a3-4ede-bf02-0668461128dc,b0977c77-675b-4e12-84b3-03a208222617,Alexis,Dyer,fmitchell@hotmail.com,+1-605-941-4896,Nelson and Sons,Accounting technician,https://randomuser.me/api/portraits/men/5.jpg,website,Boy us born adult floor quickly.,2025-02-09T18:24:24,pending,,2025-02-01T16:06:48,2025-04-27T10:50:12,Ortiz-Thomas,https://randomuser.me/api/portraits/women/93.jpg
67d00759-8414-4612-9dc0-b352762aa9e6,6bf850bd-f249-4ebc-b4f0-ea86b896f92a,Beth,Clark,gutierrezashley@hotmail.com,(077)884-5148x513,Crawford Inc,"Psychotherapist, dance movement",https://randomuser.me/api/portraits/men/3.jpg,email campaign,About behind story expert prevent need may.,2025-02-23T04:21:44,pending,,2025-02-13T05:49:04,2025-01-08T08:19:09,Smith-Forbes,https://randomuser.me/api/portraits/women/83.jpg
4df13fc7-34a6-45c3-8e76-a1283d39efd5,108700ae-035c-43c9-bacb-61f4c3369289,Jamie,Burke,isimpson@flores.com,681-593-8588x82915,Hebert-Watson,Therapeutic radiographer,https://randomuser.me/api/portraits/men/94.jpg,email campaign,Card deal ahead eat.,2025-01-03T11:44:43,pending,,2025-02-08T07:42:35,2025-05-04T19:18:49,"Thomas, Martin and Archer",https://randomuser.me/api/portraits/women/78.jpg
15f15677-ea20-443c-9cb7-2059552872e0,f9e26ae8-a9ce-4892-a3f4-24675190df91,Robert,Tate,sheila34@hotmail.com,127-208-4101x21861,Carson Inc,Translator,https://randomuser.me/api/portraits/men/36.jpg,referral,Identify program radio soon organization receive.,2025-03-16T04:23:58,pending,,2025-05-20T09:17:26,2025-02-27T09:20:11,"Ferguson, Bond and Yu",https://randomuser.me/api/portraits/women/40.jpg
38ce21ff-67fc-4ff8-bdfa-e41c7ee2ea5b,b06c2376-635b-45fa-b52c-ce56a2771251,Tyler,Thomas,fowlersarah@george.org,(665)178-6560x7980,"Davis, Johnson and Charles",Control and instrumentation engineer,https://randomuser.me/api/portraits/men/40.jpg,event,Career form according truth trouble.,2025-04-21T12:04:44,pending,,2025-03-31T18:57:39,2025-03-13T23:22:57,"Castro, Moore and Wilson",https://randomuser.me/api/portraits/women/76.jpg
02cce071-03d8-42d7-bf66-9c89c4210851,6c7ba3ef-c95f-4656-8850-58a028d3e163,Amber,Miller,deborahestrada@stark.org,467-911-3322,"Smith, Manning and Walker",Patent examiner,https://randomuser.me/api/portraits/men/45.jpg,website,Police early issue environment collection brother couple.,2025-04-17T02:56:13,pending,,2025-03-05T05:53:28,2025-02-23T09:40:43,Vargas-Hughes,https://randomuser.me/api/portraits/women/10.jpg
8de56fcc-ba36-4319-b9fa-9e86a4ba46ee,06c5a515-3ebe-4bfb-bce4-fda744b3ce02,Christopher,Schultz,wagneranthony@reid.info,(939)205-2601x3974,Walsh Inc,Mental health nurse,https://randomuser.me/api/portraits/men/66.jpg,email campaign,Church marriage east huge no wonder.,2025-04-05T23:04:42,pending,,2025-04-30T09:48:00,2025-04-29T08:16:55,Lee and Sons,https://randomuser.me/api/portraits/women/68.jpg
3d5fbacb-1c10-4241-aaa1-7c5df4437dd1,c77e98fd-23c9-48df-826e-f580ac1f7be7,Jennifer,Parker,roberto76@roberts-cooper.com,001-164-302-1182x64801,Stewart PLC,Commercial horticulturist,https://randomuser.me/api/portraits/men/66.jpg,website,Phone beautiful place rule inside fund candidate go.,2025-02-14T14:10:01,pending,,2025-04-18T11:22:08,2025-02-18T08:25:43,Greene-Morales,https://randomuser.me/api/portraits/women/65.jpg
05d032e7-4b7e-407d-b491-0ceec5d2d330,eb1497f1-b3f4-41ba-bc58-4452990564d2,David,Cruz,andersonmckenzie@perkins-garcia.com,4344741974,Mitchell-Henderson,Patent examiner,https://randomuser.me/api/portraits/men/64.jpg,referral,Identify guess reality kitchen second senior.,2025-05-08T09:13:23,pending,,2025-05-21T07:23:34,2025-04-04T00:18:29,Parrish Group,https://randomuser.me/api/portraits/women/29.jpg
cc54d563-670d-4993-8a5b-5bc715a11bb6,86ab0add-0342-4284-a9e6-8fd0bd9c7791,Robert,Soto,njoyce@castillo.org,711-627-1687x196,Fleming-Yates,"Psychologist, counselling",https://randomuser.me/api/portraits/men/49.jpg,referral,Left fact son again cold example a.,2025-03-13T04:56:29,pending,,2025-05-17T17:43:12,2025-01-06T01:58:54,"Tran, Moore and Martin",https://randomuser.me/api/portraits/women/74.jpg
64749210-4d30-410b-bc85-deead0bafe42,786a0975-c446-4f67-bb3a-185d3b8dec58,Kelly,Valentine,jenniferhuynh@hotmail.com,962.031.8461x2110,Fisher and Sons,Trade mark attorney,https://randomuser.me/api/portraits/men/98.jpg,email campaign,Not single reflect sound near able.,2025-01-21T22:03:32,pending,,2025-01-04T11:44:57,2025-02-18T21:55:57,"Clark, Bender and Price",https://randomuser.me/api/portraits/women/98.jpg
3fe0a2ed-a67d-44b3-8ba7-b24bd50f1071,64d78c7d-fdf5-4341-a811-be59490ea162,Luis,Chen,uanderson@ryan.com,1907335609,"Warner, Bowman and Stevenson",Artist,https://randomuser.me/api/portraits/men/35.jpg,event,Force everybody second.,2025-01-04T08:25:40,pending,,2025-04-28T06:43:39,2025-04-11T15:50:44,Reid and Sons,https://randomuser.me/api/portraits/women/39.jpg
dbafe4f2-2c26-4f67-bbf6-e0ef3e76f1fe,c97411c8-395e-4795-ba5f-03a3977b13f1,Mark,Murphy,angela44@gmail.com,(981)077-8473x61987,Hogan Inc,Food technologist,https://randomuser.me/api/portraits/men/11.jpg,email campaign,Street might system field energy.,2025-02-01T20:23:38,pending,,2025-02-11T01:11:06,2025-03-17T07:48:58,Benson PLC,https://randomuser.me/api/portraits/women/41.jpg
46221eb1-97d1-4510-8e4f-4c695cb376ac,055217c6-14f1-48ce-a62f-163fe2996ce5,Billy,Pugh,charles46@yahoo.com,437.724.4438,Bennett-Scott,Television production assistant,https://randomuser.me/api/portraits/men/32.jpg,email campaign,Open where religious.,2025-03-22T22:54:44,pending,,2025-05-17T08:57:57,2025-04-29T11:31:00,"Nelson, Harris and Reynolds",https://randomuser.me/api/portraits/women/54.jpg
6759295b-8d01-4593-bf36-9816c95ebd9f,2bb404fe-8327-423e-8a02-3592c48ea717,Michael,Romero,richard75@larson-hawkins.biz,(917)728-2479x71402,Morrison PLC,Retail buyer,https://randomuser.me/api/portraits/men/81.jpg,email campaign,Man career she feel leg down believe.,2025-03-27T14:33:38,pending,,2025-01-09T22:28:57,2025-01-25T16:07:08,Powell-Richard,https://randomuser.me/api/portraits/women/79.jpg
b07c1295-9149-4064-a453-9d9876153ea7,46033f26-dd9d-4935-a1e5-88ae19965589,Julia,Barnes,joelschultz@hotmail.com,(124)565-5333,Mcdonald-Maxwell,Landscape architect,https://randomuser.me/api/portraits/men/90.jpg,event,Increase through understand ready floor.,2025-05-13T12:27:50,pending,,2025-03-11T23:06:57,2025-01-26T15:25:09,Hendricks-Smith,https://randomuser.me/api/portraits/women/73.jpg
a8c0f826-2aa0-409a-929c-cfba8b3e6b76,b3546d90-cc57-4303-a445-4f1aaeae898b,Cheryl,Brown,njacobs@gmail.com,+1-762-027-7285x55612,Schultz-Frederick,Phytotherapist,https://randomuser.me/api/portraits/men/40.jpg,website,Account meeting which sometimes soon.,2025-04-12T05:35:32,pending,,2025-01-05T06:21:37,2025-02-20T17:27:47,"Hamilton, Brown and Stewart",https://randomuser.me/api/portraits/women/67.jpg
ba32eea6-799d-46e7-88f2-6b7d8fb1af59,94759b12-19de-4cce-970a-020d32e215d3,Rhonda,Byrd,mendezwilliam@gmail.com,001-230-848-1598x751,Nelson-Moran,Early years teacher,https://randomuser.me/api/portraits/men/71.jpg,email campaign,Stop radio by throw this service develop.,2025-01-31T23:38:50,pending,,2025-01-12T23:47:13,2025-03-13T14:01:14,"Mcguire, Wilson and Williams",https://randomuser.me/api/portraits/women/71.jpg
864ddefb-6257-4e4c-b754-9561dd4aea36,0974e472-44f7-415c-934c-f9291df31f12,Mary,Cruz,reeddavid@patel.com,+1-405-337-9113,Watson PLC,Commercial/residential surveyor,https://randomuser.me/api/portraits/men/78.jpg,email campaign,Commercial want entire resource.,2025-04-27T17:46:08,pending,,2025-05-03T16:27:37,2025-04-20T02:30:32,"Smith, Lyons and Taylor",https://randomuser.me/api/portraits/women/15.jpg
2c5c2792-358d-4eaf-a560-ef20af470e01,ee866915-13ab-4e03-b03a-e053a21afd35,Sydney,Smith,pbeck@gmail.com,(595)514-7389,Howe Group,Risk manager,https://randomuser.me/api/portraits/men/77.jpg,event,Among what method billion catch environment less.,2025-04-21T07:16:48,pending,,2025-01-17T23:53:17,2025-02-02T11:32:10,Jackson Group,https://randomuser.me/api/portraits/women/66.jpg
57cef028-1eb5-483b-92fd-e52f629e0248,6d5365fd-6cda-4cfe-8b7f-008579fd5175,John,Richards,hahnmadison@yahoo.com,001-878-705-8230x552,Shepherd and Sons,"Programmer, applications",https://randomuser.me/api/portraits/men/10.jpg,event,Identify task PM else song what have.,2025-05-17T18:03:27,pending,,2025-02-07T14:56:47,2025-01-16T00:22:27,Bowers-Daniels,https://randomuser.me/api/portraits/women/8.jpg
b6063d6c-fc76-4e6c-8fa1-0b1dc4c22e0d,2d99d46a-6e37-4a6a-8d75-abb88c0412cd,Janet,Garcia,daniel50@rodriguez-thompson.com,152-874-4347x52769,Brown Inc,"Conservator, museum/gallery",https://randomuser.me/api/portraits/men/38.jpg,email campaign,Serve material scene morning hard.,2025-05-19T11:58:11,pending,,2025-05-21T13:11:30,2025-04-29T10:05:46,Lewis and Sons,https://randomuser.me/api/portraits/women/83.jpg
5d376d77-d967-49c2-8f0a-e60bfa0943a0,cdce7941-864a-4738-a14f-28ed1766b1fd,Debra,Flores,ashleynelson@yahoo.com,472.536.8746,"Watts, Ross and Torres",Marine scientist,https://randomuser.me/api/portraits/men/48.jpg,website,Face college return boy week.,2025-04-26T19:38:13,pending,,2025-01-07T11:42:33,2025-03-19T07:40:21,"Mosley, Contreras and Stone",https://randomuser.me/api/portraits/women/20.jpg
8c8aa163-677f-4e11-ba38-3ca53afdeb7f,3322d59d-5057-488e-9252-d56e4234ebf9,Linda,Cobb,thomasadams@gmail.com,382-800-7180x025,York-Meyer,Broadcast presenter,https://randomuser.me/api/portraits/men/54.jpg,event,Hope represent career set.,2025-02-27T12:32:27,pending,,2025-04-27T13:20:21,2025-03-04T09:29:28,Cox and Sons,https://randomuser.me/api/portraits/women/45.jpg
8adf20fe-eb30-449d-8a4e-87c046173a5b,e404c59e-4fc5-473f-b34f-d8a47fdd57fd,Aaron,Watson,karen74@gmail.com,785.856.9975,Wilson and Sons,Biomedical scientist,https://randomuser.me/api/portraits/men/12.jpg,event,Age wear upon end give rise.,2025-05-22T00:14:44,pending,,2025-05-17T09:09:56,2025-03-06T11:46:27,Anderson-Davis,https://randomuser.me/api/portraits/women/63.jpg
60e42651-7452-408c-b89d-e5c882a95e09,a4237bff-e72b-4838-b313-f603d8fdbd5b,Darryl,Frazier,gonzalezdonna@yahoo.com,(229)377-6977x745,Cannon Group,Television floor manager,https://randomuser.me/api/portraits/men/35.jpg,email campaign,Deal scene mission quickly oil air trial.,2025-02-23T04:23:02,pending,,2025-05-25T14:56:47,2025-04-09T14:26:07,Barton-Wiley,https://randomuser.me/api/portraits/women/29.jpg
fddb8416-e29f-4f5d-8cac-115791cf67bb,c912a915-e62c-4fef-90f6-8bbecdb416a7,Susan,Williams,nancyarroyo@gmail.com,+1-767-812-8267x134,Castaneda-Hogan,Operational researcher,https://randomuser.me/api/portraits/men/5.jpg,event,Answer glass plant yes president.,2025-01-25T12:37:27,pending,,2025-03-14T22:59:20,2025-04-08T03:28:24,Nelson-Lowe,https://randomuser.me/api/portraits/women/54.jpg
0aee086e-504a-4e91-848e-3b5aef102852,75a90c0d-73bd-4750-815d-0b2d0ccdd94c,Nicholas,Wright,copelandlauren@yahoo.com,(207)890-5543x3217,Wilcox-White,"Engineer, building services",https://randomuser.me/api/portraits/men/38.jpg,event,Popular subject training project reflect.,2025-01-20T23:49:18,pending,,2025-03-05T18:00:11,2025-05-03T07:36:28,Robertson-Sanders,https://randomuser.me/api/portraits/women/41.jpg
74db3da9-75dd-49a5-a9ab-2a97c50b9a8c,6f98658f-711a-4f92-b87b-81fc4175080a,Candice,Mejia,rachelshaw@yahoo.com,7384288453,Norris Ltd,Corporate treasurer,https://randomuser.me/api/portraits/men/87.jpg,event,Fear affect thus environment civil door nearly.,2025-04-23T22:54:15,pending,,2025-04-02T07:00:13,2025-03-05T13:13:21,Castro LLC,https://randomuser.me/api/portraits/women/44.jpg
2038c116-02d8-4170-a0a6-a729b289cf74,5c1f8366-d266-462b-b1eb-9d9f5e0c766b,Kimberly,Mcdonald,shawn74@gmail.com,001-846-441-0140x36669,"Lopez, French and Delgado",Museum/gallery curator,https://randomuser.me/api/portraits/men/93.jpg,referral,Figure hotel song small consumer.,2025-04-10T15:34:20,pending,,2025-05-18T03:18:59,2025-05-13T08:56:27,Rose and Sons,https://randomuser.me/api/portraits/women/32.jpg
2709a0ce-fee0-4f6e-b47c-949e149a32ca,bc6f5828-1c3a-4bc0-93b0-80fc0c81be9a,Kyle,Graves,johnstonkathleen@gmail.com,574-974-8775,Wright Ltd,"Journalist, magazine",https://randomuser.me/api/portraits/men/43.jpg,website,Hour half happen event cold.,2025-03-19T00:12:40,pending,,2025-03-24T09:10:50,2025-05-15T23:34:46,"Vaughan, Brown and Oconnell",https://randomuser.me/api/portraits/women/30.jpg
5ca88021-78a0-4ce1-9ac8-49f576af7447,7db2152c-0427-487a-abd9-4a738e720d8d,Jason,Thompson,crosbymary@shelton.com,+1-768-331-8657x5809,Hunt Group,"Teacher, secondary school",https://randomuser.me/api/portraits/men/37.jpg,referral,Million fact chance if product.,2025-03-12T11:15:47,pending,,2025-04-16T21:49:01,2025-05-08T19:25:04,Stephens and Sons,https://randomuser.me/api/portraits/women/72.jpg
